simulation_offset_minutes,local_time,source_observed_at,source_next_observed_at,source_interpolation_fraction,source_temperature_c,temperature_adjustment_c,temperature_c,station_peak_anchor_c,relative_humidity_percent,apparent_temperature_c,precipitation_mm,cloud_cover_pct,wind_speed_mps,wind_gust_mps,shortwave_radiation_wm2,source_grid_latitude,source_grid_longitude,derivation_version
0,2026-05-26T00:00:00+07:00,2026-05-26T00:00:00+07:00,2026-05-26T01:00:00+07:00,0,32.1,0.3794,32.4794,41.1,67,37.5,0,0,2.75,5.9,0,21,105.75,lang-max-anchor-era5-linear-15m-v2
15,2026-05-26T00:15:00+07:00,2026-05-26T00:00:00+07:00,2026-05-26T01:00:00+07:00,0.25,31.675,0.3093,31.9843,41.1,68.25,37.025,0,0.25,2.7175,5.775,0,21,105.75,lang-max-anchor-era5-linear-15m-v2
30,2026-05-26T00:30:00+07:00,2026-05-26T00:00:00+07:00,2026-05-26T01:00:00+07:00,0.5,31.25,0.2392,31.4892,41.1,69.5,36.55,0,0.5,2.685,5.65,0,21,105.75,lang-max-anchor-era5-linear-15m-v2
45,2026-05-26T00:45:00+07:00,2026-05-26T00:00:00+07:00,2026-05-26T01:00:00+07:00,0.75,30.825,0.1691,30.9941,41.1,70.75,36.075,0,0.75,2.6525,5.525,0,21,105.75,lang-max-anchor-era5-linear-15m-v2
60,2026-05-26T01:00:00+07:00,2026-05-26T01:00:00+07:00,2026-05-26T02:00:00+07:00,0,30.4,0.099,30.499,41.1,72,35.6,0,1,2.62,5.4,0,21,105.75,lang-max-anchor-era5-linear-15m-v2
75,2026-05-26T01:15:00+07:00,2026-05-26T01:00:00+07:00,2026-05-26T02:00:00+07:00,0.25,30.4,0.099,30.499,41.1,72,35.6,0,1.5,2.595,5.225,0,21,105.75,lang-max-anchor-era5-linear-15m-v2
90,2026-05-26T01:30:00+07:00,2026-05-26T01:00:00+07:00,2026-05-26T02:00:00+07:00,0.5,30.4,0.099,30.499,41.1,72,35.6,0,2,2.57,5.05,0,21,105.75,lang-max-anchor-era5-linear-15m-v2
105,2026-05-26T01:45:00+07:00,2026-05-26T01:00:00+07:00,2026-05-26T02:00:00+07:00,0.75,30.4,0.099,30.499,41.1,72,35.6,0,2.5,2.545,4.875,0,21,105.75,lang-max-anchor-era5-linear-15m-v2
120,2026-05-26T02:00:00+07:00,2026-05-26T02:00:00+07:00,2026-05-26T03:00:00+07:00,0,30.4,0.099,30.499,41.1,72,35.6,0,3,2.52,4.7,0,21,105.75,lang-max-anchor-era5-linear-15m-v2
135,2026-05-26T02:15:00+07:00,2026-05-26T02:00:00+07:00,2026-05-26T03:00:00+07:00,0.25,30.3,0.0825,30.3825,41.1,72.5,35.55,0,2.75,2.4725,4.575,0,21,105.75,lang-max-anchor-era5-linear-15m-v2
150,2026-05-26T02:30:00+07:00,2026-05-26T02:00:00+07:00,2026-05-26T03:00:00+07:00,0.5,30.2,0.066,30.266,41.1,73,35.5,0,2.5,2.425,4.45,0,21,105.75,lang-max-anchor-era5-linear-15m-v2
165,2026-05-26T02:45:00+07:00,2026-05-26T02:00:00+07:00,2026-05-26T03:00:00+07:00,0.75,30.1,0.0495,30.1495,41.1,73.5,35.45,0,2.25,2.3775,4.325,0,21,105.75,lang-max-anchor-era5-linear-15m-v2
180,2026-05-26T03:00:00+07:00,2026-05-26T03:00:00+07:00,2026-05-26T04:00:00+07:00,0,30,0.033,30.033,41.1,74,35.4,0,2,2.33,4.2,0,21,105.75,lang-max-anchor-era5-linear-15m-v2
195,2026-05-26T03:15:00+07:00,2026-05-26T03:00:00+07:00,2026-05-26T04:00:00+07:00,0.25,29.95,0.0247,29.9747,41.1,74,35.325,0,1.5,2.32,4.175,0,21,105.75,lang-max-anchor-era5-linear-15m-v2
210,2026-05-26T03:30:00+07:00,2026-05-26T03:00:00+07:00,2026-05-26T04:00:00+07:00,0.5,29.9,0.0165,29.9165,41.1,74,35.25,0,1,2.31,4.15,0,21,105.75,lang-max-anchor-era5-linear-15m-v2
225,2026-05-26T03:45:00+07:00,2026-05-26T03:00:00+07:00,2026-05-26T04:00:00+07:00,0.75,29.85,0.0082,29.8582,41.1,74,35.175,0,0.5,2.3,4.125,0,21,105.75,lang-max-anchor-era5-linear-15m-v2
240,2026-05-26T04:00:00+07:00,2026-05-26T04:00:00+07:00,2026-05-26T05:00:00+07:00,0,29.8,0,29.8,41.1,74,35.1,0,0,2.29,4.1,0,21,105.75,lang-max-anchor-era5-linear-15m-v2
255,2026-05-26T04:15:00+07:00,2026-05-26T04:00:00+07:00,2026-05-26T05:00:00+07:00,0.25,30.15,0.0577,30.2077,41.1,72.5,35.475,0,0.75,2.255,4.125,0,21,105.75,lang-max-anchor-era5-linear-15m-v2
270,2026-05-26T04:30:00+07:00,2026-05-26T04:00:00+07:00,2026-05-26T05:00:00+07:00,0.5,30.5,0.1155,30.6155,41.1,71,35.85,0,1.5,2.22,4.15,0,21,105.75,lang-max-anchor-era5-linear-15m-v2
285,2026-05-26T04:45:00+07:00,2026-05-26T04:00:00+07:00,2026-05-26T05:00:00+07:00,0.75,30.85,0.1732,31.0232,41.1,69.5,36.225,0,2.25,2.185,4.175,0,21,105.75,lang-max-anchor-era5-linear-15m-v2
300,2026-05-26T05:00:00+07:00,2026-05-26T05:00:00+07:00,2026-05-26T06:00:00+07:00,0,31.2,0.2309,31.4309,41.1,68,36.6,0,3,2.15,4.2,0,21,105.75,lang-max-anchor-era5-linear-15m-v2
315,2026-05-26T05:15:00+07:00,2026-05-26T05:00:00+07:00,2026-05-26T06:00:00+07:00,0.25,31.175,0.2268,31.4018,41.1,68.5,36.575,0,2.5,2.1925,4.275,6.25,21,105.75,lang-max-anchor-era5-linear-15m-v2
330,2026-05-26T05:30:00+07:00,2026-05-26T05:00:00+07:00,2026-05-26T06:00:00+07:00,0.5,31.15,0.2227,31.3727,41.1,69,36.55,0,2,2.235,4.35,12.5,21,105.75,lang-max-anchor-era5-linear-15m-v2
345,2026-05-26T05:45:00+07:00,2026-05-26T05:00:00+07:00,2026-05-26T06:00:00+07:00,0.75,31.125,0.2186,31.3436,41.1,69.5,36.525,0,1.5,2.2775,4.425,18.75,21,105.75,lang-max-anchor-era5-linear-15m-v2
360,2026-05-26T06:00:00+07:00,2026-05-26T06:00:00+07:00,2026-05-26T07:00:00+07:00,0,31.1,0.2144,31.3144,41.1,70,36.5,0,1,2.32,4.5,25,21,105.75,lang-max-anchor-era5-linear-15m-v2
375,2026-05-26T06:15:00+07:00,2026-05-26T06:00:00+07:00,2026-05-26T07:00:00+07:00,0.25,31.25,0.2392,31.4892,41.1,69.75,36.675,0,1,2.425,4.725,65.25,21,105.75,lang-max-anchor-era5-linear-15m-v2
390,2026-05-26T06:30:00+07:00,2026-05-26T06:00:00+07:00,2026-05-26T07:00:00+07:00,0.5,31.4,0.2639,31.6639,41.1,69.5,36.85,0,1,2.53,4.95,105.5,21,105.75,lang-max-anchor-era5-linear-15m-v2
405,2026-05-26T06:45:00+07:00,2026-05-26T06:00:00+07:00,2026-05-26T07:00:00+07:00,0.75,31.55,0.2887,31.8387,41.1,69.25,37.025,0,1,2.635,5.175,145.75,21,105.75,lang-max-anchor-era5-linear-15m-v2
420,2026-05-26T07:00:00+07:00,2026-05-26T07:00:00+07:00,2026-05-26T08:00:00+07:00,0,31.7,0.3134,32.0134,41.1,69,37.2,0,1,2.74,5.4,186,21,105.75,lang-max-anchor-era5-linear-15m-v2
435,2026-05-26T07:15:00+07:00,2026-05-26T07:00:00+07:00,2026-05-26T08:00:00+07:00,0.25,31.825,0.334,32.159,41.1,68.75,37.375,0,0.75,2.7275,5.525,240,21,105.75,lang-max-anchor-era5-linear-15m-v2
450,2026-05-26T07:30:00+07:00,2026-05-26T07:00:00+07:00,2026-05-26T08:00:00+07:00,0.5,31.95,0.3546,32.3046,41.1,68.5,37.55,0,0.5,2.715,5.65,294,21,105.75,lang-max-anchor-era5-linear-15m-v2
465,2026-05-26T07:45:00+07:00,2026-05-26T07:00:00+07:00,2026-05-26T08:00:00+07:00,0.75,32.075,0.3753,32.4503,41.1,68.25,37.725,0,0.25,2.7025,5.775,348,21,105.75,lang-max-anchor-era5-linear-15m-v2
480,2026-05-26T08:00:00+07:00,2026-05-26T08:00:00+07:00,2026-05-26T09:00:00+07:00,0,32.2,0.3959,32.5959,41.1,68,37.9,0,0,2.69,5.9,402,21,105.75,lang-max-anchor-era5-linear-15m-v2
495,2026-05-26T08:15:00+07:00,2026-05-26T08:00:00+07:00,2026-05-26T09:00:00+07:00,0.25,33.125,0.5485,33.6735,41.1,64.25,38.725,0,0,2.79,6.125,454.25,21,105.75,lang-max-anchor-era5-linear-15m-v2
510,2026-05-26T08:30:00+07:00,2026-05-26T08:00:00+07:00,2026-05-26T09:00:00+07:00,0.5,34.05,0.701,34.751,41.1,60.5,39.55,0,0,2.89,6.35,506.5,21,105.75,lang-max-anchor-era5-linear-15m-v2
525,2026-05-26T08:45:00+07:00,2026-05-26T08:00:00+07:00,2026-05-26T09:00:00+07:00,0.75,34.975,0.8536,35.8286,41.1,56.75,40.375,0,0,2.99,6.575,558.75,21,105.75,lang-max-anchor-era5-linear-15m-v2
540,2026-05-26T09:00:00+07:00,2026-05-26T09:00:00+07:00,2026-05-26T10:00:00+07:00,0,35.9,1.0062,36.9062,41.1,53,41.2,0,0,3.09,6.8,611,21,105.75,lang-max-anchor-era5-linear-15m-v2
555,2026-05-26T09:15:00+07:00,2026-05-26T09:00:00+07:00,2026-05-26T10:00:00+07:00,0.25,36,1.0227,37.0227,41.1,52.75,41.5,0,0,3.1575,6.875,655,21,105.75,lang-max-anchor-era5-linear-15m-v2
570,2026-05-26T09:30:00+07:00,2026-05-26T09:00:00+07:00,2026-05-26T10:00:00+07:00,0.5,36.1,1.0392,37.1392,41.1,52.5,41.8,0,0,3.225,6.95,699,21,105.75,lang-max-anchor-era5-linear-15m-v2
585,2026-05-26T09:45:00+07:00,2026-05-26T09:00:00+07:00,2026-05-26T10:00:00+07:00,0.75,36.2,1.0557,37.2557,41.1,52.25,42.1,0,0,3.2925,7.025,743,21,105.75,lang-max-anchor-era5-linear-15m-v2
600,2026-05-26T10:00:00+07:00,2026-05-26T10:00:00+07:00,2026-05-26T11:00:00+07:00,0,36.3,1.0722,37.3722,41.1,52,42.4,0,0,3.36,7.1,787,21,105.75,lang-max-anchor-era5-linear-15m-v2
615,2026-05-26T10:15:00+07:00,2026-05-26T10:00:00+07:00,2026-05-26T11:00:00+07:00,0.25,36.3,1.0722,37.3722,41.1,52.25,42.625,0,0,3.395,7.175,816.5,21,105.75,lang-max-anchor-era5-linear-15m-v2
630,2026-05-26T10:30:00+07:00,2026-05-26T10:00:00+07:00,2026-05-26T11:00:00+07:00,0.5,36.3,1.0722,37.3722,41.1,52.5,42.85,0,0,3.43,7.25,846,21,105.75,lang-max-anchor-era5-linear-15m-v2
645,2026-05-26T10:45:00+07:00,2026-05-26T10:00:00+07:00,2026-05-26T11:00:00+07:00,0.75,36.3,1.0722,37.3722,41.1,52.75,43.075,0,0,3.465,7.325,875.5,21,105.75,lang-max-anchor-era5-linear-15m-v2
660,2026-05-26T11:00:00+07:00,2026-05-26T11:00:00+07:00,2026-05-26T12:00:00+07:00,0,36.3,1.0722,37.3722,41.1,53,43.3,0,0,3.5,7.4,905,21,105.75,lang-max-anchor-era5-linear-15m-v2
675,2026-05-26T11:15:00+07:00,2026-05-26T11:00:00+07:00,2026-05-26T12:00:00+07:00,0.25,36.75,1.1464,37.8964,41.1,51.75,43.8,0,0,3.5075,7.45,920.75,21,105.75,lang-max-anchor-era5-linear-15m-v2
690,2026-05-26T11:30:00+07:00,2026-05-26T11:00:00+07:00,2026-05-26T12:00:00+07:00,0.5,37.2,1.2206,38.4206,41.1,50.5,44.3,0,0,3.515,7.5,936.5,21,105.75,lang-max-anchor-era5-linear-15m-v2
705,2026-05-26T11:45:00+07:00,2026-05-26T11:00:00+07:00,2026-05-26T12:00:00+07:00,0.75,37.65,1.2948,38.9448,41.1,49.25,44.8,0,0,3.5225,7.55,952.25,21,105.75,lang-max-anchor-era5-linear-15m-v2
720,2026-05-26T12:00:00+07:00,2026-05-26T12:00:00+07:00,2026-05-26T13:00:00+07:00,0,38.1,1.3691,39.4691,41.1,48,45.3,0,0,3.53,7.6,968,21,105.75,lang-max-anchor-era5-linear-15m-v2
735,2026-05-26T12:15:00+07:00,2026-05-26T12:00:00+07:00,2026-05-26T13:00:00+07:00,0.25,38.125,1.3732,39.4982,41.1,47.75,45.25,0,0,3.4375,7.375,952,21,105.75,lang-max-anchor-era5-linear-15m-v2
750,2026-05-26T12:30:00+07:00,2026-05-26T12:00:00+07:00,2026-05-26T13:00:00+07:00,0.5,38.15,1.3773,39.5273,41.1,47.5,45.2,0,0,3.345,7.15,936,21,105.75,lang-max-anchor-era5-linear-15m-v2
765,2026-05-26T12:45:00+07:00,2026-05-26T12:00:00+07:00,2026-05-26T13:00:00+07:00,0.75,38.175,1.3814,39.5564,41.1,47.25,45.15,0,0,3.2525,6.925,920,21,105.75,lang-max-anchor-era5-linear-15m-v2
780,2026-05-26T13:00:00+07:00,2026-05-26T13:00:00+07:00,2026-05-26T14:00:00+07:00,0,38.2,1.3856,39.5856,41.1,47,45.1,0,0,3.16,6.7,904,21,105.75,lang-max-anchor-era5-linear-15m-v2
795,2026-05-26T13:15:00+07:00,2026-05-26T13:00:00+07:00,2026-05-26T14:00:00+07:00,0.25,38.3,1.4021,39.7021,41.1,46.75,45.175,0,0.5,3.06,6.55,893.5,21,105.75,lang-max-anchor-era5-linear-15m-v2
810,2026-05-26T13:30:00+07:00,2026-05-26T13:00:00+07:00,2026-05-26T14:00:00+07:00,0.5,38.4,1.4186,39.8186,41.1,46.5,45.25,0,1,2.96,6.4,883,21,105.75,lang-max-anchor-era5-linear-15m-v2
825,2026-05-26T13:45:00+07:00,2026-05-26T13:00:00+07:00,2026-05-26T14:00:00+07:00,0.75,38.5,1.4351,39.9351,41.1,46.25,45.325,0,1.5,2.86,6.25,872.5,21,105.75,lang-max-anchor-era5-linear-15m-v2
840,2026-05-26T14:00:00+07:00,2026-05-26T14:00:00+07:00,2026-05-26T15:00:00+07:00,0,38.6,1.4515,40.0515,41.1,46,45.4,0,2,2.76,6.1,862,21,105.75,lang-max-anchor-era5-linear-15m-v2
855,2026-05-26T14:15:00+07:00,2026-05-26T14:00:00+07:00,2026-05-26T15:00:00+07:00,0.25,38.75,1.4763,40.2263,41.1,45.5,45.4,0,3,2.75,6,834.5,21,105.75,lang-max-anchor-era5-linear-15m-v2
870,2026-05-26T14:30:00+07:00,2026-05-26T14:00:00+07:00,2026-05-26T15:00:00+07:00,0.5,38.9,1.501,40.401,41.1,45,45.4,0,4,2.74,5.9,807,21,105.75,lang-max-anchor-era5-linear-15m-v2
885,2026-05-26T14:45:00+07:00,2026-05-26T14:00:00+07:00,2026-05-26T15:00:00+07:00,0.75,39.05,1.5258,40.5758,41.1,44.5,45.4,0,5,2.73,5.8,779.5,21,105.75,lang-max-anchor-era5-linear-15m-v2
900,2026-05-26T15:00:00+07:00,2026-05-26T15:00:00+07:00,2026-05-26T16:00:00+07:00,0,39.2,1.5505,40.7505,41.1,44,45.4,0,6,2.72,5.7,752,21,105.75,lang-max-anchor-era5-linear-15m-v2
915,2026-05-26T15:15:00+07:00,2026-05-26T15:00:00+07:00,2026-05-26T16:00:00+07:00,0.25,39.275,1.5629,40.8379,41.1,44,45.275,0,6,2.7025,5.5,703.75,21,105.75,lang-max-anchor-era5-linear-15m-v2
930,2026-05-26T15:30:00+07:00,2026-05-26T15:00:00+07:00,2026-05-26T16:00:00+07:00,0.5,39.35,1.5753,40.9253,41.1,44,45.15,0,6,2.685,5.3,655.5,21,105.75,lang-max-anchor-era5-linear-15m-v2
945,2026-05-26T15:45:00+07:00,2026-05-26T15:00:00+07:00,2026-05-26T16:00:00+07:00,0.75,39.425,1.5876,41.0126,41.1,44,45.025,0,6,2.6675,5.1,607.25,21,105.75,lang-max-anchor-era5-linear-15m-v2
960,2026-05-26T16:00:00+07:00,2026-05-26T16:00:00+07:00,2026-05-26T17:00:00+07:00,0,39.5,1.6,41.1,41.1,44,44.9,0,6,2.65,4.9,559,21,105.75,lang-max-anchor-era5-linear-15m-v2
975,2026-05-26T16:15:00+07:00,2026-05-26T16:00:00+07:00,2026-05-26T17:00:00+07:00,0.25,38.625,1.4557,40.0807,41.1,47.75,44.375,0,5.25,2.4775,4.85,506.75,21,105.75,lang-max-anchor-era5-linear-15m-v2
990,2026-05-26T16:30:00+07:00,2026-05-26T16:00:00+07:00,2026-05-26T17:00:00+07:00,0.5,37.75,1.3113,39.0613,41.1,51.5,43.85,0,4.5,2.305,4.8,454.5,21,105.75,lang-max-anchor-era5-linear-15m-v2
1005,2026-05-26T16:45:00+07:00,2026-05-26T16:00:00+07:00,2026-05-26T17:00:00+07:00,0.75,36.875,1.167,38.042,41.1,55.25,43.325,0,3.75,2.1325,4.75,402.25,21,105.75,lang-max-anchor-era5-linear-15m-v2
1020,2026-05-26T17:00:00+07:00,2026-05-26T17:00:00+07:00,2026-05-26T18:00:00+07:00,0,36,1.0227,37.0227,41.1,59,42.8,0,3,1.96,4.7,350,21,105.75,lang-max-anchor-era5-linear-15m-v2
1035,2026-05-26T17:15:00+07:00,2026-05-26T17:00:00+07:00,2026-05-26T18:00:00+07:00,0.25,35.9,1.0062,36.9062,41.1,59.25,42.625,0,2.75,2.08,4.675,298.25,21,105.75,lang-max-anchor-era5-linear-15m-v2
1050,2026-05-26T17:30:00+07:00,2026-05-26T17:00:00+07:00,2026-05-26T18:00:00+07:00,0.5,35.8,0.9897,36.7897,41.1,59.5,42.45,0,2.5,2.2,4.65,246.5,21,105.75,lang-max-anchor-era5-linear-15m-v2
1065,2026-05-26T17:45:00+07:00,2026-05-26T17:00:00+07:00,2026-05-26T18:00:00+07:00,0.75,35.7,0.9732,36.6732,41.1,59.75,42.275,0,2.25,2.32,4.625,194.75,21,105.75,lang-max-anchor-era5-linear-15m-v2
1080,2026-05-26T18:00:00+07:00,2026-05-26T18:00:00+07:00,2026-05-26T19:00:00+07:00,0,35.6,0.9567,36.5567,41.1,60,42.1,0,2,2.44,4.6,143,21,105.75,lang-max-anchor-era5-linear-15m-v2
1095,2026-05-26T18:15:00+07:00,2026-05-26T18:00:00+07:00,2026-05-26T19:00:00+07:00,0.25,35.525,0.9443,36.4693,41.1,59.75,41.85,0,2.25,2.5975,4.75,110,21,105.75,lang-max-anchor-era5-linear-15m-v2
1110,2026-05-26T18:30:00+07:00,2026-05-26T18:00:00+07:00,2026-05-26T19:00:00+07:00,0.5,35.45,0.932,36.382,41.1,59.5,41.6,0,2.5,2.755,4.9,77,21,105.75,lang-max-anchor-era5-linear-15m-v2
1125,2026-05-26T18:45:00+07:00,2026-05-26T18:00:00+07:00,2026-05-26T19:00:00+07:00,0.75,35.375,0.9196,36.2946,41.1,59.25,41.35,0,2.75,2.9125,5.05,44,21,105.75,lang-max-anchor-era5-linear-15m-v2
1140,2026-05-26T19:00:00+07:00,2026-05-26T19:00:00+07:00,2026-05-26T20:00:00+07:00,0,35.3,0.9072,36.2072,41.1,59,41.1,0,3,3.07,5.2,11,21,105.75,lang-max-anchor-era5-linear-15m-v2
1155,2026-05-26T19:15:00+07:00,2026-05-26T19:00:00+07:00,2026-05-26T20:00:00+07:00,0.25,35.3,0.9072,36.2072,41.1,58.75,41,0,2.75,3.1725,5.325,8.25,21,105.75,lang-max-anchor-era5-linear-15m-v2
1170,2026-05-26T19:30:00+07:00,2026-05-26T19:00:00+07:00,2026-05-26T20:00:00+07:00,0.5,35.3,0.9072,36.2072,41.1,58.5,40.9,0,2.5,3.275,5.45,5.5,21,105.75,lang-max-anchor-era5-linear-15m-v2
1185,2026-05-26T19:45:00+07:00,2026-05-26T19:00:00+07:00,2026-05-26T20:00:00+07:00,0.75,35.3,0.9072,36.2072,41.1,58.25,40.8,0,2.25,3.3775,5.575,2.75,21,105.75,lang-max-anchor-era5-linear-15m-v2
1200,2026-05-26T20:00:00+07:00,2026-05-26T20:00:00+07:00,2026-05-26T21:00:00+07:00,0,35.3,0.9072,36.2072,41.1,58,40.7,0,2,3.48,5.7,0,21,105.75,lang-max-anchor-era5-linear-15m-v2
1215,2026-05-26T20:15:00+07:00,2026-05-26T20:00:00+07:00,2026-05-26T21:00:00+07:00,0.25,35.125,0.8784,36.0034,41.1,58.5,40.5,0,2.5,3.49,5.775,0,21,105.75,lang-max-anchor-era5-linear-15m-v2
1230,2026-05-26T20:30:00+07:00,2026-05-26T20:00:00+07:00,2026-05-26T21:00:00+07:00,0.5,34.95,0.8495,35.7995,41.1,59,40.3,0,3,3.5,5.85,0,21,105.75,lang-max-anchor-era5-linear-15m-v2
1245,2026-05-26T20:45:00+07:00,2026-05-26T20:00:00+07:00,2026-05-26T21:00:00+07:00,0.75,34.775,0.8206,35.5956,41.1,59.5,40.1,0,3.5,3.51,5.925,0,21,105.75,lang-max-anchor-era5-linear-15m-v2
1260,2026-05-26T21:00:00+07:00,2026-05-26T21:00:00+07:00,2026-05-26T22:00:00+07:00,0,34.6,0.7918,35.3918,41.1,60,39.9,0,4,3.52,6,0,21,105.75,lang-max-anchor-era5-linear-15m-v2
1275,2026-05-26T21:15:00+07:00,2026-05-26T21:00:00+07:00,2026-05-26T22:00:00+07:00,0.25,33.9,0.6763,34.5763,41.1,62.25,39.2,0,3.25,3.4725,5.9,0,21,105.75,lang-max-anchor-era5-linear-15m-v2
1290,2026-05-26T21:30:00+07:00,2026-05-26T21:00:00+07:00,2026-05-26T22:00:00+07:00,0.5,33.2,0.5608,33.7608,41.1,64.5,38.5,0,2.5,3.425,5.8,0,21,105.75,lang-max-anchor-era5-linear-15m-v2
1305,2026-05-26T21:45:00+07:00,2026-05-26T21:00:00+07:00,2026-05-26T22:00:00+07:00,0.75,32.5,0.4454,32.9454,41.1,66.75,37.8,0,1.75,3.3775,5.7,0,21,105.75,lang-max-anchor-era5-linear-15m-v2
1320,2026-05-26T22:00:00+07:00,2026-05-26T22:00:00+07:00,2026-05-26T23:00:00+07:00,0,31.8,0.3299,32.1299,41.1,69,37.1,0,1,3.33,5.6,0,21,105.75,lang-max-anchor-era5-linear-15m-v2
1335,2026-05-26T22:15:00+07:00,2026-05-26T22:00:00+07:00,2026-05-26T23:00:00+07:00,0.25,31.775,0.3258,32.1008,41.1,69,37.05,0,1.5,3.2625,5.5,0,21,105.75,lang-max-anchor-era5-linear-15m-v2
1350,2026-05-26T22:30:00+07:00,2026-05-26T22:00:00+07:00,2026-05-26T23:00:00+07:00,0.5,31.75,0.3216,32.0716,41.1,69,37,0,2,3.195,5.4,0,21,105.75,lang-max-anchor-era5-linear-15m-v2
1365,2026-05-26T22:45:00+07:00,2026-05-26T22:00:00+07:00,2026-05-26T23:00:00+07:00,0.75,31.725,0.3175,32.0425,41.1,69,36.95,0,2.5,3.1275,5.3,0,21,105.75,lang-max-anchor-era5-linear-15m-v2
1380,2026-05-26T23:00:00+07:00,2026-05-26T23:00:00+07:00,2026-05-27T00:00:00+07:00,0,31.7,0.3134,32.0134,41.1,69,36.9,0,3,3.06,5.2,0,21,105.75,lang-max-anchor-era5-linear-15m-v2
1395,2026-05-26T23:15:00+07:00,2026-05-26T23:00:00+07:00,2026-05-27T00:00:00+07:00,0.25,31.6,0.2969,31.8969,41.1,69,36.85,0,2.5,2.97,5.1,0,21,105.75,lang-max-anchor-era5-linear-15m-v2
1410,2026-05-26T23:30:00+07:00,2026-05-26T23:00:00+07:00,2026-05-27T00:00:00+07:00,0.5,31.5,0.2804,31.7804,41.1,69,36.8,0,2,2.88,5,0,21,105.75,lang-max-anchor-era5-linear-15m-v2
1425,2026-05-26T23:45:00+07:00,2026-05-26T23:00:00+07:00,2026-05-27T00:00:00+07:00,0.75,31.4,0.2639,31.6639,41.1,69,36.75,0,1.5,2.79,4.9,0,21,105.75,lang-max-anchor-era5-linear-15m-v2
